"0","knitr::opts_chunk$set(echo = F, eval=F)"
"2","Warning messages:
"
"2","1: "
"2","In as.POSIXlt.Date(x) :"
"2"," å¼·åˆ¶è®Šæ›´éç¨‹ä¸­ç”¢ç”Ÿäº† NA
"
"2","2: "
"2","In as.POSIXlt.Date(x) :"
"2"," å¼·åˆ¶è®Šæ›´éç¨‹ä¸­ç”¢ç”Ÿäº† NA
"
"0","library(readr); library(stringr); library(purrr); library(magrittr); library(lubridate)"
"2","
Attaching package: ¡¥magrittr¡¦

"
"2","The following object is masked from ¡¥package:purrr¡¦:

    set_names

"
"2","
Attaching package: ¡¥lubridate¡¦

"
"2","The following objects are masked from ¡¥package:base¡¦:

    date, intersect, setdiff, union

"
